ticket_id,description,user
101,"Cannot access email account","Ahmed"
102,"Laptop is overheating and shutting down","Sara"
103,"VPN connection drops frequently","Mohammed"
104,"Password reset request","Lina"
105,"System showing database connection error","Omar"
106,"User unable to connect to Wi-Fi network","Fatimah"
107,"Blue screen error appearing after Windows update","Khalid"
108,"Email attachments not downloading","Noura"
109,"Printer not responding to print commands","Abdullah"
110,"Slow system performance during login","Reem"
111,"Two-factor authentication code not received","Salem"
112,"Shared folder access denied","Maha"
113,"Laptop battery draining unusually fast","Yousef"
114,"Frequent disconnection from remote desktop","Hassan"
115,"Application crashing when generating reports","Aisha"
116,"Unable to install required software due to permissions","Layla"
117,"Network latency causing delays in ERP system","Omar"
118,"Password expired and user locked out","Rania"
119,"Antivirus alert: suspicious file detected","Faris"
120,"Database timeout error during peak hours","Sultan"
121,"VPN authentication failed for multiple users","Maryam"
122,"System overheating after long usage","Talal"
123,"Email synchronization issues on mobile device","Huda"
124,"Cloud storage not syncing files properly","Badr"
125,"User unable to access HR portal","Samira"
126,"User reports frequent freezing when opening CRM application","Nawal"
127,"Unable to access shared printer on the 3rd floor","Majed"
128,"Laptop keyboard not responding intermittently","Rashed"
129,"High CPU usage caused by unknown background process","Hanin"
130,"Email forwarding rules not working as expected","Saeed"
131,"User cannot connect to company VPN from home network","Abeer"
132,"System clock out of sync causing authentication failures","Tariq"
133,"Browser keeps redirecting to suspicious websites","Dana"
134,"Unable to upload files to cloud storage","Fahad"
135,"ERP system showing 'invalid session' error","Mona"
136,"Laptop fan making loud noise during normal use","Ziyad"
137,"User unable to access finance portal due to certificate error","Ruba"
138,"Frequent disconnection from Microsoft Teams meetings","Hassan"
139,"Software update stuck at 80% for over an hour","Lujain"
140,"Network drive mapping disappears after reboot","Saleh"
141,"Antivirus blocking legitimate application installation","Rawan"
142,"Wi-Fi connected but no internet access","Jamal"
143,"User unable to change expired password remotely","Hessa"
144,"Mobile device unable to sync corporate calendar","Nader"
145,"System showing 'insufficient storage' despite free space available","Ahlam"

146,"User unable to access HR payroll system","Hanan"
147,"Laptop randomly restarts during video calls","Majid"
148,"Outlook search not returning results","Noura"
149,"Shared drive permissions removed after update","Sami"
150,"Slow internet connection in Finance department","Ahlam"
151,"User reports missing icons after Windows patch","Rashed"
152,"Mobile email app keeps crashing","Maha"
153,"Unable to connect to office VPN using mobile hotspot","Faisal"
154,"ERP inventory module showing incorrect stock count","Lina"
155,"Laptop screen flickering when brightness is low","Yousef"
156,"Teams notifications not appearing on desktop","Reem"
157,"User unable to print double-sided documents","Omar"
158,"Wi-Fi disconnects when switching meeting rooms","Talal"
159,"Antivirus quarantined critical business application","Rawan"
160,"Database connection timeout during peak hours","Sultan"
161,"Password reset link expired immediately","Maryam"
162,"User unable to upload attachments in CRM","Huda"
163,"Laptop audio not working after driver update","Jamal"
164,"Cloud storage showing duplicate files","Samira"
165,"System showing 'invalid credentials' despite correct login","Nader"
166,"User unable to join Zoom meetings due to firewall block","Aisha"
167,"Laptop touchpad freezing intermittently","Khalid"
168,"Shared printer printing blank pages","Abdullah"
169,"Browser extension causing slow performance","Dana"
170,"Unable to access internal wiki page","Faris"
171,"Laptop overheating when running ERP reports","Mona"
172,"Remote desktop session disconnects every 10 minutes","Hassan"
173,"Email rules not syncing across devices","Layla"
174,"User unable to access secure folder after role change","Rania"
175,"System update stuck at 30% for over two hours","Saleh"
176,"Wi-Fi authentication failing for multiple users","Hessa"
177,"Laptop battery not charging beyond 60%","Ziyad"
178,"CRM dashboard not loading charts","Nawal"
179,"User unable to install printer drivers","Majed"
180,"VPN tunnel drops during file transfers","Abeer"
181,"Laptop fan running at maximum speed constantly","Tariq"
182,"Browser showing certificate warning for internal site","Ruba"
183,"Teams call quality poor due to packet loss","Hanin"
184,"Unable to access shared mailbox","Saeed"
185,"Cloud backup failed due to storage limit","Fahad"
186,"Laptop keyboard typing multiple characters","Lujain"
187,"ERP login extremely slow during morning hours","Mona"
188,"User unable to access finance reports due to role mismatch","Samira"
189,"Mobile device not syncing corporate contacts","Nader"
190,"Laptop USB ports not detecting devices","Ahlam"
191,"Wi-Fi connected but unable to reach internal servers","Talal"
192,"User reports suspicious login attempt notification","Rawan"
193,"Email stuck in outbox for long periods","Huda"
194,"Laptop camera not detected during meetings","Jamal"
195,"Cloud storage sync conflict on shared folder","Faris"
196,"User unable to access VPN due to expired certificate","Rania"
197,"Laptop extremely slow after recent update","Saleh"
198,"ERP purchase order module freezing","Hessa"
199,"Shared printer showing 'paper jam' despite no jam","Abdullah"
200,"Laptop microphone producing static noise","Khalid"
201,"User unable to access training portal","Nawal"
202,"Teams chat messages not syncing across devices","Reem"
203,"Laptop BIOS password unknown after handover","Majid"
204,"Wi-Fi drops when switching from 2.4GHz to 5GHz","Sultan"
205,"User unable to open PDF files in browser","Maha"
206,"CRM notifications delayed by several hours","Aisha"
207,"Laptop SSD showing health warning","Yousef"
208,"Email signature not appearing on outgoing messages","Layla"
209,"Cloud storage upload speed extremely slow","Fahad"
210,"Laptop touch screen not responding","Dana"
211,"User unable to access project management tool","Huda"
212,"ERP reports exporting corrupted files","Omar"
213,"Laptop Bluetooth not detecting headphones","Talal"
214,"VPN login requires multiple attempts","Abeer"
215,"Laptop freezing when connecting external monitor","Rashed"
216,"Shared folder showing duplicate subfolders","Samira"
217,"Email filters deleting important messages","Maryam"
218,"Laptop fan rattling noise","Ziyad"
219,"CRM login page not loading on Chrome","Nader"
220,"Wi-Fi signal weak in meeting room 4B","Hessa"
221,"Laptop battery draining overnight while powered off","Saleh"
222,"User unable to access internal Git repository","Faris"
223,"Cloud sync stuck at 99%","Rawan"
224,"Laptop audio echo during calls","Huda"
225,"ERP dashboard showing outdated data","Mona"
226,"VPN disconnects when switching networks","Khalid"
227,"Laptop keyboard backlight not working","Majed"
228,"Email attachments corrupted on download","Ahlam"
229,"Teams screen sharing not working","Reem"
230,"Laptop USB-C port not charging","Sultan"
231,"CRM search returning incomplete results","Nawal"
232,"Wi-Fi captive portal not loading","Abdullah"
233,"Laptop camera blurry or low resolution","Jamal"
234,"Cloud storage permissions not applying","Samira"
235,"User unable to access onboarding portal","Maryam"
236,"Laptop overheating during software installation","Talal"
237,"ERP invoice module showing duplicate entries","Hessa"
238,"VPN authentication server unreachable","Abeer"
239,"Laptop trackpad clicking by itself","Rashed"
240,"Email auto-reply not triggering","Layla"